saga_id,order_id,step_number,step_name,command_type,status,started_at,completed_at,duration_ms
order-00e70855,order-00e70855,1,OrderCreated,forward,completed,2025-09-15 10:07:57,2025-09-15 10:07:57,0.0
order-0173050c,order-0173050c,1,OrderCreated,forward,completed,2025-09-18 12:42:52,2025-09-18 12:42:52,0.0
order-01c718fd,order-01c718fd,1,OrderCreated,forward,completed,2025-09-18 12:42:35,2025-09-18 12:42:35,0.0
order-024a8b13,order-024a8b13,1,OrderCreated,forward,completed,2025-09-15 10:07:56,2025-09-15 10:07:56,0.0
order-02d5382d,order-02d5382d,1,OrderCreated,forward,completed,2025-09-18 12:42:40,2025-09-18 12:42:40,0.0
order-032df991,order-032df991,1,OrderCreated,forward,completed,2025-09-15 10:08:03,2025-09-15 10:08:03,0.0
order-0362aa37,order-0362aa37,1,OrderCreated,forward,completed,2025-09-18 12:42:48,2025-09-18 12:42:48,0.0
order-03ec0740,order-03ec0740,1,OrderCreated,forward,completed,2025-09-15 10:08:00,2025-09-15 10:08:00,0.0
order-04725870,order-04725870,1,OrderCreated,forward,completed,2025-09-18 12:42:55,2025-09-18 12:42:55,0.0
order-04b1e0fb,order-04b1e0fb,1,OrderCreated,forward,completed,2025-09-18 12:42:54,2025-09-18 12:42:54,0.0
order-065e2151,order-065e2151,1,OrderCreated,forward,completed,2025-09-15 10:08:02,2025-09-15 10:08:02,0.0
order-06986e0c,order-06986e0c,1,OrderCreated,forward,completed,2025-09-18 12:42:50,2025-09-18 12:42:50,0.0
order-075d9b93,order-075d9b93,1,OrderCreated,forward,completed,2025-09-15 10:07:52,2025-09-15 10:07:52,0.0
order-080ce6b3,order-080ce6b3,1,OrderCreated,forward,completed,2025-09-15 10:07:50,2025-09-15 10:07:50,0.0
order-090e71fe,order-090e71fe,1,OrderCreated,forward,completed,2025-09-18 12:42:36,2025-09-18 12:42:36,0.0
order-0934d158,order-0934d158,1,OrderCreated,forward,completed,2025-09-18 12:42:50,2025-09-18 12:42:50,0.0
order-09dede38,order-09dede38,1,OrderCreated,forward,completed,2025-09-15 10:07:58,2025-09-15 10:07:58,0.0
order-0a02a10a,order-0a02a10a,1,OrderCreated,forward,completed,2025-09-15 10:07:55,2025-09-15 10:07:55,0.0
order-0af4857c,order-0af4857c,1,OrderCreated,forward,completed,2025-09-18 12:42:48,2025-09-18 12:42:48,0.0
order-0b4062a8,order-0b4062a8,1,OrderCreated,forward,completed,2025-09-15 10:07:58,2025-09-15 10:07:58,0.0
order-0b6d0af5,order-0b6d0af5,1,OrderCreated,forward,completed,2025-09-18 12:42:35,2025-09-18 12:42:35,0.0
order-0bba5766,order-0bba5766,1,OrderCreated,forward,completed,2025-09-18 12:42:37,2025-09-18 12:42:37,0.0
order-0cac34fa,order-0cac34fa,1,OrderCreated,forward,completed,2025-09-18 12:42:37,2025-09-18 12:42:37,0.0
order-0cac7166,order-0cac7166,1,OrderCreated,forward,completed,2025-09-18 12:42:42,2025-09-18 12:42:42,0.0
order-0cc4398f,order-0cc4398f,1,OrderCreated,forward,completed,2025-09-15 10:08:00,2025-09-15 10:08:00,0.0
order-0d2ec830,order-0d2ec830,1,OrderCreated,forward,completed,2025-09-18 12:42:51,2025-09-18 12:42:51,0.0
order-0e6b9c18,order-0e6b9c18,1,OrderCreated,forward,completed,2025-09-15 10:07:59,2025-09-15 10:07:59,0.0
order-0f4e628f,order-0f4e628f,1,OrderCreated,forward,completed,2025-09-18 12:42:44,2025-09-18 12:42:44,0.0
order-0f739c80,order-0f739c80,1,OrderCreated,forward,completed,2025-09-15 10:07:54,2025-09-15 10:07:54,0.0
order-0ff772ae,order-0ff772ae,1,OrderCreated,forward,completed,2025-09-18 12:42:43,2025-09-18 12:42:43,0.0
order-116b09de,order-116b09de,1,OrderCreated,forward,completed,2025-09-18 12:42:42,2025-09-18 12:42:42,0.0
order-117395a2,order-117395a2,1,OrderCreated,forward,completed,2025-09-18 12:42:35,2025-09-18 12:42:35,0.0
order-11d20ede,order-11d20ede,1,OrderCreated,forward,completed,2025-09-18 12:42:53,2025-09-18 12:42:53,0.0
order-13324fc0,order-13324fc0,1,OrderCreated,forward,completed,2025-09-18 12:42:41,2025-09-18 12:42:41,0.0
order-13a87346,order-13a87346,1,OrderCreated,forward,completed,2025-09-15 10:07:52,2025-09-15 10:07:52,0.0
order-149b8a85,order-149b8a85,1,OrderCreated,forward,completed,2025-09-15 10:07:58,2025-09-15 10:07:58,0.0
order-155ff32d,order-155ff32d,1,OrderCreated,forward,completed,2025-09-18 12:42:35,2025-09-18 12:42:35,0.0
order-15a7097c,order-15a7097c,1,OrderCreated,forward,completed,2025-09-18 12:40:34,2025-09-18 12:40:34,0.0
order-1603811d,order-1603811d,1,OrderCreated,forward,completed,2025-09-15 10:07:56,2025-09-15 10:07:56,0.0
order-16ad65be,order-16ad65be,1,OrderCreated,forward,completed,2025-09-15 10:07:59,2025-09-15 10:07:59,0.0
order-1754aeca,order-1754aeca,1,OrderCreated,forward,completed,2025-09-18 12:42:53,2025-09-18 12:42:53,0.0
order-19b7e22f,order-19b7e22f,1,OrderCreated,forward,completed,2025-09-18 12:42:45,2025-09-18 12:42:45,0.0
order-19df75af,order-19df75af,1,OrderCreated,forward,completed,2025-09-15 10:08:01,2025-09-15 10:08:01,0.0
order-19ea47d2,order-19ea47d2,1,OrderCreated,forward,completed,2025-09-15 10:08:02,2025-09-15 10:08:02,0.0
order-1a44b7b4,order-1a44b7b4,1,OrderCreated,forward,completed,2025-09-18 12:42:35,2025-09-18 12:42:35,0.0
order-1a5b5583,order-1a5b5583,1,OrderCreated,forward,completed,2025-09-18 12:42:52,2025-09-18 12:42:52,0.0
order-1a6190e2,order-1a6190e2,1,OrderCreated,forward,completed,2025-09-15 10:08:01,2025-09-15 10:08:01,0.0
order-1ae8d08f,order-1ae8d08f,1,OrderCreated,forward,completed,2025-09-18 12:42:37,2025-09-18 12:42:37,0.0
order-1b031976,order-1b031976,1,OrderCreated,forward,completed,2025-09-18 12:42:45,2025-09-18 12:42:45,0.0
order-1bbc31ec,order-1bbc31ec,1,OrderCreated,forward,completed,2025-09-18 12:42:37,2025-09-18 12:42:37,0.0
order-1bc70eea,order-1bc70eea,1,OrderCreated,forward,completed,2025-09-18 12:42:36,2025-09-18 12:42:36,0.0
order-1bf3aef1,order-1bf3aef1,1,OrderCreated,forward,completed,2025-09-15 10:08:00,2025-09-15 10:08:00,0.0
order-1c026862,order-1c026862,1,OrderCreated,forward,completed,2025-09-18 12:42:45,2025-09-18 12:42:45,0.0
order-1c74089f,order-1c74089f,1,OrderCreated,forward,completed,2025-09-18 12:42:39,2025-09-18 12:42:39,0.0
order-1c88298c,order-1c88298c,1,OrderCreated,forward,completed,2025-09-15 10:07:38,2025-09-15 10:07:38,0.0
order-1cc6b537,order-1cc6b537,1,OrderCreated,forward,completed,2025-09-15 10:07:54,2025-09-15 10:07:54,0.0
order-1d16da16,order-1d16da16,1,OrderCreated,forward,completed,2025-09-18 12:42:51,2025-09-18 12:42:51,0.0
order-1d95a459,order-1d95a459,1,OrderCreated,forward,completed,2025-09-15 10:07:54,2025-09-15 10:07:54,0.0
order-1eafd8d6,order-1eafd8d6,1,OrderCreated,forward,completed,2025-09-15 10:08:04,2025-09-15 10:08:04,0.0
order-1f7d4b29,order-1f7d4b29,1,OrderCreated,forward,completed,2025-09-18 12:37:12,2025-09-18 12:37:12,0.0
order-202354ab,order-202354ab,1,OrderCreated,forward,completed,2025-09-15 10:07:50,2025-09-15 10:07:50,0.0
order-206b8fd1,order-206b8fd1,1,OrderCreated,forward,completed,2025-09-15 10:07:56,2025-09-15 10:07:56,0.0
order-20a7ca4f,order-20a7ca4f,1,OrderCreated,forward,completed,2025-09-18 12:42:53,2025-09-18 12:42:53,0.0
order-211adfb4,order-211adfb4,1,OrderCreated,forward,completed,2025-09-15 10:08:01,2025-09-15 10:08:01,0.0
order-21ad65b9,order-21ad65b9,1,OrderCreated,forward,completed,2025-09-15 10:07:58,2025-09-15 10:07:58,0.0
order-21d27a26,order-21d27a26,1,OrderCreated,forward,completed,2025-09-15 10:08:00,2025-09-15 10:08:00,0.0
order-22279925,order-22279925,1,OrderCreated,forward,completed,2025-09-18 12:42:41,2025-09-18 12:42:41,0.0
order-22320953,order-22320953,1,OrderCreated,forward,completed,2025-09-18 12:42:38,2025-09-18 12:42:38,0.0
order-2278bf18,order-2278bf18,1,OrderCreated,forward,completed,2025-09-18 12:42:55,2025-09-18 12:42:55,0.0
order-23346dfb,order-23346dfb,1,OrderCreated,forward,completed,2025-09-15 10:07:52,2025-09-15 10:07:52,0.0
order-23b9b29d,order-23b9b29d,1,OrderCreated,forward,completed,2025-09-18 12:42:17,2025-09-18 12:42:17,0.0
order-2400eb60,order-2400eb60,1,OrderCreated,forward,completed,2025-09-18 12:42:37,2025-09-18 12:42:37,0.0
order-2499234e,order-2499234e,1,OrderCreated,forward,completed,2025-09-15 10:08:00,2025-09-15 10:08:00,0.0
order-25a5c7c0,order-25a5c7c0,1,OrderCreated,forward,completed,2025-09-15 10:08:01,2025-09-15 10:08:01,0.0
order-25abfbb2,order-25abfbb2,1,OrderCreated,forward,completed,2025-09-18 12:42:46,2025-09-18 12:42:46,0.0
order-268d5984,order-268d5984,1,OrderCreated,forward,completed,2025-09-18 12:42:18,2025-09-18 12:42:18,0.0
order-268ef2d2,order-268ef2d2,1,OrderCreated,forward,completed,2025-09-18 12:42:43,2025-09-18 12:42:43,0.0
order-26fa6e83,order-26fa6e83,1,OrderCreated,forward,completed,2025-09-18 12:42:45,2025-09-18 12:42:45,0.0
order-27123b56,order-27123b56,1,OrderCreated,forward,completed,2025-09-18 12:42:49,2025-09-18 12:42:49,0.0
order-273d6a87,order-273d6a87,1,OrderCreated,forward,completed,2025-09-18 12:42:41,2025-09-18 12:42:41,0.0
order-27498fa0,order-27498fa0,1,OrderCreated,forward,completed,2025-09-15 10:07:59,2025-09-15 10:07:59,0.0
order-27ab2e93,order-27ab2e93,1,OrderCreated,forward,completed,2025-09-18 12:42:37,2025-09-18 12:42:37,0.0
order-27b1f41f,order-27b1f41f,1,OrderCreated,forward,completed,2025-09-18 12:42:16,2025-09-18 12:42:16,0.0
order-28d8fb13,order-28d8fb13,1,OrderCreated,forward,completed,2025-09-18 12:42:18,2025-09-18 12:42:18,0.0
order-29b794f1,order-29b794f1,1,OrderCreated,forward,completed,2025-09-18 12:42:37,2025-09-18 12:42:37,0.0
order-2a134e35,order-2a134e35,1,OrderCreated,forward,completed,2025-09-18 12:42:42,2025-09-18 12:42:42,0.0
order-2ad2dc67,order-2ad2dc67,1,OrderCreated,forward,completed,2025-09-15 10:08:01,2025-09-15 10:08:01,0.0
order-2bef9959,order-2bef9959,1,OrderCreated,forward,completed,2025-09-18 12:42:50,2025-09-18 12:42:50,0.0
order-2c43b93e,order-2c43b93e,1,OrderCreated,forward,completed,2025-09-18 12:42:51,2025-09-18 12:42:51,0.0
order-2c9fa7bd,order-2c9fa7bd,1,OrderCreated,forward,completed,2025-09-18 12:42:54,2025-09-18 12:42:54,0.0
order-2daaafe3,order-2daaafe3,1,OrderCreated,forward,completed,2025-09-18 12:42:39,2025-09-18 12:42:39,0.0
order-2e3eaa81,order-2e3eaa81,1,OrderCreated,forward,completed,2025-09-18 12:42:35,2025-09-18 12:42:35,0.0
order-2ef8f05b,order-2ef8f05b,1,OrderCreated,forward,completed,2025-09-18 12:42:52,2025-09-18 12:42:52,0.0
order-2fbb881a,order-2fbb881a,1,OrderCreated,forward,completed,2025-09-18 12:42:35,2025-09-18 12:42:35,0.0
order-2ff8a238,order-2ff8a238,1,OrderCreated,forward,completed,2025-09-18 12:42:53,2025-09-18 12:42:53,0.0
order-2ffaf46b,order-2ffaf46b,1,OrderCreated,forward,completed,2025-09-15 10:07:52,2025-09-15 10:07:52,0.0
order-3062bf72,order-3062bf72,1,OrderCreated,forward,completed,2025-09-15 10:08:02,2025-09-15 10:08:02,0.0
order-30db532d,order-30db532d,1,OrderCreated,forward,completed,2025-09-15 10:07:53,2025-09-15 10:07:53,0.0
order-30e7a478,order-30e7a478,1,OrderCreated,forward,completed,2025-09-18 12:42:47,2025-09-18 12:42:47,0.0
order-3155912d,order-3155912d,1,OrderCreated,forward,completed,2025-09-18 12:42:49,2025-09-18 12:42:49,0.0
order-3161eac5,order-3161eac5,1,OrderCreated,forward,completed,2025-09-18 12:42:18,2025-09-18 12:42:18,0.0
order-31741c3e,order-31741c3e,1,OrderCreated,forward,completed,2025-09-18 12:42:40,2025-09-18 12:42:40,0.0
order-320a3331,order-320a3331,1,OrderCreated,forward,completed,2025-09-15 10:07:58,2025-09-15 10:07:58,0.0
order-3239a55d,order-3239a55d,1,OrderCreated,forward,completed,2025-09-18 12:42:41,2025-09-18 12:42:41,0.0
order-32aaee47,order-32aaee47,1,OrderCreated,forward,completed,2025-09-15 10:08:00,2025-09-15 10:08:00,0.0
order-32f5fc3e,order-32f5fc3e,1,OrderCreated,forward,completed,2025-09-18 12:42:49,2025-09-18 12:42:49,0.0
order-33300cc4,order-33300cc4,1,OrderCreated,forward,completed,2025-09-18 12:42:42,2025-09-18 12:42:42,0.0
order-33dae004,order-33dae004,1,OrderCreated,forward,completed,2025-09-15 10:07:51,2025-09-15 10:07:51,0.0
order-3467b254,order-3467b254,1,OrderCreated,forward,completed,2025-09-18 12:42:44,2025-09-18 12:42:44,0.0
order-34b08f19,order-34b08f19,1,OrderCreated,forward,completed,2025-09-15 10:07:50,2025-09-15 10:07:50,0.0
order-3542c6d4,order-3542c6d4,1,OrderCreated,forward,completed,2025-09-15 10:07:56,2025-09-15 10:07:56,0.0
order-35730b04,order-35730b04,1,OrderCreated,forward,completed,2025-09-15 10:07:54,2025-09-15 10:07:54,0.0
order-361f46a7,order-361f46a7,1,OrderCreated,forward,completed,2025-09-15 10:08:04,2025-09-15 10:08:04,0.0
order-369b044c,order-369b044c,1,OrderCreated,forward,completed,2025-09-18 12:42:47,2025-09-18 12:42:47,0.0
order-36b064ab,order-36b064ab,1,OrderCreated,forward,completed,2025-09-18 12:42:56,2025-09-18 12:42:56,0.0
order-3793cd65,order-3793cd65,1,OrderCreated,forward,completed,2025-09-15 10:07:53,2025-09-15 10:07:53,0.0
order-38f9fc87,order-38f9fc87,1,OrderCreated,forward,completed,2025-09-18 12:42:47,2025-09-18 12:42:47,0.0
order-3937c2e1,order-3937c2e1,1,OrderCreated,forward,completed,2025-09-15 10:08:03,2025-09-15 10:08:03,0.0
order-3954c989,order-3954c989,1,OrderCreated,forward,completed,2025-09-18 12:42:54,2025-09-18 12:42:54,0.0
order-3a1f8332,order-3a1f8332,1,OrderCreated,forward,completed,2025-09-18 12:42:47,2025-09-18 12:42:47,0.0
order-3a9b10d0,order-3a9b10d0,1,OrderCreated,forward,completed,2025-09-18 12:42:35,2025-09-18 12:42:35,0.0
order-3aa50f08,order-3aa50f08,1,OrderCreated,forward,completed,2025-09-18 12:42:40,2025-09-18 12:42:40,0.0
order-3ac7f37b,order-3ac7f37b,1,OrderCreated,forward,completed,2025-09-15 10:07:55,2025-09-15 10:07:55,0.0
order-3b62b030,order-3b62b030,1,OrderCreated,forward,completed,2025-09-18 12:42:47,2025-09-18 12:42:47,0.0
order-3e240a42,order-3e240a42,1,OrderCreated,forward,completed,2025-09-18 12:42:38,2025-09-18 12:42:38,0.0
order-3ec07794,order-3ec07794,1,OrderCreated,forward,completed,2025-09-15 10:07:59,2025-09-15 10:07:59,0.0
order-3f2797af,order-3f2797af,1,OrderCreated,forward,completed,2025-09-18 12:42:51,2025-09-18 12:42:51,0.0
order-3f351f33,order-3f351f33,1,OrderCreated,forward,completed,2025-09-15 10:08:01,2025-09-15 10:08:01,0.0
order-3ff5bf0e,order-3ff5bf0e,1,OrderCreated,forward,completed,2025-09-18 12:42:54,2025-09-18 12:42:54,0.0
order-408d86ef,order-408d86ef,1,OrderCreated,forward,completed,2025-09-15 10:07:50,2025-09-15 10:07:50,0.0
order-411867fe,order-411867fe,1,OrderCreated,forward,completed,2025-09-15 10:07:50,2025-09-15 10:07:50,0.0
order-43a99920,order-43a99920,1,OrderCreated,forward,completed,2025-09-15 10:07:54,2025-09-15 10:07:54,0.0
order-44105aa9,order-44105aa9,1,OrderCreated,forward,completed,2025-09-15 10:07:50,2025-09-15 10:07:50,0.0
order-4477ff47,order-4477ff47,1,OrderCreated,forward,completed,2025-09-15 10:08:00,2025-09-15 10:08:00,0.0
order-469f2c09,order-469f2c09,1,OrderCreated,forward,completed,2025-09-15 10:07:55,2025-09-15 10:07:55,0.0
order-47596149,order-47596149,1,OrderCreated,forward,completed,2025-09-15 10:07:51,2025-09-15 10:07:51,0.0
order-49094ed8,order-49094ed8,1,OrderCreated,forward,completed,2025-09-15 10:07:54,2025-09-15 10:07:54,0.0
order-49337a6d,order-49337a6d,1,OrderCreated,forward,completed,2025-09-18 12:42:44,2025-09-18 12:42:44,0.0
order-49c443d0,order-49c443d0,1,OrderCreated,forward,completed,2025-09-18 12:42:40,2025-09-18 12:42:40,0.0
order-49c9d813,order-49c9d813,1,OrderCreationFailed,compensation,completed,2025-09-18 12:40:35,2025-09-18 12:40:35,0.0
order-49e37d7d,order-49e37d7d,1,OrderCreated,forward,completed,2025-09-18 12:42:55,2025-09-18 12:42:55,0.0
order-4a9fee13,order-4a9fee13,1,OrderCreated,forward,completed,2025-09-15 10:07:52,2025-09-15 10:07:52,0.0
order-4aa942bf,order-4aa942bf,1,OrderCreated,forward,completed,2025-09-18 12:42:35,2025-09-18 12:42:35,0.0
order-4afefeec,order-4afefeec,1,OrderCreated,forward,completed,2025-09-15 10:07:52,2025-09-15 10:07:52,0.0
order-4b6f4ef6,order-4b6f4ef6,1,OrderCreated,forward,completed,2025-09-15 10:07:55,2025-09-15 10:07:55,0.0
order-4b9c9076,order-4b9c9076,1,OrderCreated,forward,completed,2025-09-18 12:42:42,2025-09-18 12:42:42,0.0
order-4baf53d1,order-4baf53d1,1,OrderCreationFailed,compensation,completed,2025-09-18 12:37:06,2025-09-18 12:37:06,0.0
order-4c4bd8fe,order-4c4bd8fe,1,OrderCreated,forward,completed,2025-09-18 12:42:48,2025-09-18 12:42:48,0.0
order-4d1d1f91,order-4d1d1f91,1,OrderCreationFailed,compensation,completed,2025-09-18 12:40:35,2025-09-18 12:40:35,0.0
order-4db57824,order-4db57824,1,OrderCreated,forward,completed,2025-09-18 12:42:45,2025-09-18 12:42:45,0.0
order-4dee9a9b,order-4dee9a9b,1,OrderCreated,forward,completed,2025-09-18 12:42:37,2025-09-18 12:42:37,0.0
order-4e5d69c1,order-4e5d69c1,1,OrderCreated,forward,completed,2025-09-15 10:07:50,2025-09-15 10:07:50,0.0
order-4e66aed6,order-4e66aed6,1,OrderCreated,forward,completed,2025-09-18 12:42:52,2025-09-18 12:42:52,0.0
order-4f9b8064,order-4f9b8064,1,OrderCreated,forward,completed,2025-09-15 10:07:51,2025-09-15 10:07:51,0.0
order-5023453b,order-5023453b,1,OrderCreated,forward,completed,2025-09-18 12:42:41,2025-09-18 12:42:41,0.0
order-508f006b,order-508f006b,1,OrderCreated,forward,completed,2025-09-18 12:42:42,2025-09-18 12:42:42,0.0
order-50d31dd3,order-50d31dd3,1,OrderCreated,forward,completed,2025-09-18 12:42:47,2025-09-18 12:42:47,0.0
order-512d6e93,order-512d6e93,1,OrderCreated,forward,completed,2025-09-18 12:42:40,2025-09-18 12:42:40,0.0
order-5152fc55,order-5152fc55,1,OrderCreated,forward,completed,2025-09-18 12:42:17,2025-09-18 12:42:17,0.0
order-51d6e003,order-51d6e003,1,OrderCreated,forward,completed,2025-09-15 10:07:58,2025-09-15 10:07:58,0.0
order-523b74bb,order-523b74bb,1,OrderCreated,forward,completed,2025-09-18 12:42:48,2025-09-18 12:42:48,0.0
order-529c5f3a,order-529c5f3a,1,OrderCreationFailed,compensation,completed,2025-09-15 10:07:40,2025-09-15 10:07:40,0.0
order-52e9f016,order-52e9f016,1,OrderCreated,forward,completed,2025-09-18 12:42:37,2025-09-18 12:42:37,0.0
order-547e916d,order-547e916d,1,OrderCreated,forward,completed,2025-09-18 12:42:35,2025-09-18 12:42:35,0.0
order-548693db,order-548693db,1,OrderCreated,forward,completed,2025-09-18 12:42:47,2025-09-18 12:42:47,0.0
order-553bbfcc,order-553bbfcc,1,OrderCreated,forward,completed,2025-09-15 10:07:50,2025-09-15 10:07:50,0.0
order-555bf1b8,order-555bf1b8,1,OrderCreated,forward,completed,2025-09-15 10:07:53,2025-09-15 10:07:53,0.0
order-555c5ea0,order-555c5ea0,1,OrderCreated,forward,completed,2025-09-18 12:42:36,2025-09-18 12:42:36,0.0
order-558d3753,order-558d3753,1,OrderCreated,forward,completed,2025-09-18 12:42:52,2025-09-18 12:42:52,0.0
order-56015396,order-56015396,1,OrderCreationFailed,compensation,completed,2025-09-18 12:40:35,2025-09-18 12:40:35,0.0
order-56627483,order-56627483,1,OrderCreated,forward,completed,2025-09-15 10:07:52,2025-09-15 10:07:52,0.0
order-5765f2c6,order-5765f2c6,1,OrderCreated,forward,completed,2025-09-15 10:07:54,2025-09-15 10:07:54,0.0
order-58244d28,order-58244d28,1,OrderCreated,forward,completed,2025-09-18 12:42:53,2025-09-18 12:42:53,0.0
order-58913631,order-58913631,1,OrderCreated,forward,completed,2025-09-18 12:42:40,2025-09-18 12:42:40,0.0
order-5898aa19,order-5898aa19,1,OrderCreated,forward,completed,2025-09-18 12:40:33,2025-09-18 12:40:33,0.0
order-58d1f8c7,order-58d1f8c7,1,OrderCreated,forward,completed,2025-09-15 10:07:54,2025-09-15 10:07:54,0.0
order-58e53d86,order-58e53d86,1,OrderCreated,forward,completed,2025-09-18 12:42:52,2025-09-18 12:42:52,0.0
order-59c73c33,order-59c73c33,1,OrderCreated,forward,completed,2025-09-15 10:07:52,2025-09-15 10:07:52,0.0
order-5a614cad,order-5a614cad,1,OrderCreated,forward,completed,2025-09-18 12:42:36,2025-09-18 12:42:36,0.0
order-5ac2677b,order-5ac2677b,1,OrderCreated,forward,completed,2025-09-18 12:42:42,2025-09-18 12:42:42,0.0
order-5b103bed,order-5b103bed,1,OrderCreated,forward,completed,2025-09-18 12:42:45,2025-09-18 12:42:45,0.0
order-5b19fba3,order-5b19fba3,1,OrderCreated,forward,completed,2025-09-18 12:42:49,2025-09-18 12:42:49,0.0
order-5b48f7a5,order-5b48f7a5,1,OrderCreated,forward,completed,2025-09-15 10:07:52,2025-09-15 10:07:52,0.0
order-5b736cb3,order-5b736cb3,1,OrderCreated,forward,completed,2025-09-18 12:42:39,2025-09-18 12:42:39,0.0
order-5baf6f2a,order-5baf6f2a,1,OrderCreated,forward,completed,2025-09-18 12:42:44,2025-09-18 12:42:44,0.0
order-5c47efb9,order-5c47efb9,1,OrderCreated,forward,completed,2025-09-18 12:42:44,2025-09-18 12:42:44,0.0
order-5d0b9f0b,order-5d0b9f0b,1,OrderCreated,forward,completed,2025-09-18 12:42:54,2025-09-18 12:42:54,0.0
order-5df248bf,order-5df248bf,1,OrderCreated,forward,completed,2025-09-15 10:08:00,2025-09-15 10:08:00,0.0
order-5f529852,order-5f529852,1,OrderCreated,forward,completed,2025-09-18 12:42:16,2025-09-18 12:42:16,0.0
order-5f7f8264,order-5f7f8264,1,OrderCreated,forward,completed,2025-09-18 12:42:16,2025-09-18 12:42:16,0.0
order-5fe4b58e,order-5fe4b58e,1,OrderCreated,forward,completed,2025-09-15 10:07:52,2025-09-15 10:07:52,0.0
order-60318527,order-60318527,1,OrderCreated,forward,completed,2025-09-15 10:07:50,2025-09-15 10:07:50,0.0
order-604f1335,order-604f1335,1,OrderCreated,forward,completed,2025-09-18 12:42:43,2025-09-18 12:42:43,0.0
order-60516042,order-60516042,1,OrderCreated,forward,completed,2025-09-18 12:42:43,2025-09-18 12:42:43,0.0
order-60a02fa8,order-60a02fa8,1,OrderCreated,forward,completed,2025-09-15 10:07:56,2025-09-15 10:07:56,0.0
order-617f117f,order-617f117f,1,OrderCreated,forward,completed,2025-09-15 10:07:50,2025-09-15 10:07:50,0.0
order-6182a8ec,order-6182a8ec,1,OrderCreated,forward,completed,2025-09-15 10:07:59,2025-09-15 10:07:59,0.0
order-62189244,order-62189244,1,OrderCreated,forward,completed,2025-09-18 12:42:35,2025-09-18 12:42:35,0.0
order-636a7c8c,order-636a7c8c,1,OrderCreated,forward,completed,2025-09-18 12:42:53,2025-09-18 12:42:53,0.0
order-6441d249,order-6441d249,1,OrderCreated,forward,completed,2025-09-18 12:42:43,2025-09-18 12:42:43,0.0
order-645bffaa,order-645bffaa,1,OrderCreated,forward,completed,2025-09-18 12:42:51,2025-09-18 12:42:51,0.0
order-65439dd0,order-65439dd0,1,OrderCreated,forward,completed,2025-09-15 10:08:02,2025-09-15 10:08:02,0.0
order-66b17a79,order-66b17a79,1,OrderCreated,forward,completed,2025-09-18 12:42:42,2025-09-18 12:42:42,0.0
order-66c9a4d6,order-66c9a4d6,1,OrderCreated,forward,completed,2025-09-18 12:42:45,2025-09-18 12:42:45,0.0
order-66d7b23b,order-66d7b23b,1,OrderCreated,forward,completed,2025-09-15 10:07:56,2025-09-15 10:07:56,0.0
order-6703c427,order-6703c427,1,OrderCreated,forward,completed,2025-09-18 12:42:44,2025-09-18 12:42:44,0.0
order-676127a4,order-676127a4,1,OrderCreated,forward,completed,2025-09-18 12:42:36,2025-09-18 12:42:36,0.0
order-679a2efc,order-679a2efc,1,OrderCreated,forward,completed,2025-09-15 10:08:00,2025-09-15 10:08:00,0.0
order-67fd8700,order-67fd8700,1,OrderCreated,forward,completed,2025-09-18 12:42:47,2025-09-18 12:42:47,0.0
order-68087072,order-68087072,1,OrderCreated,forward,completed,2025-09-15 10:07:54,2025-09-15 10:07:54,0.0
order-68179cfa,order-68179cfa,1,OrderCreated,forward,completed,2025-09-15 10:07:34,2025-09-15 10:07:34,0.0
order-688e8fab,order-688e8fab,1,OrderCreated,forward,completed,2025-09-15 10:07:52,2025-09-15 10:07:52,0.0
order-68aef6f9,order-68aef6f9,1,OrderCreated,forward,completed,2025-09-18 12:42:35,2025-09-18 12:42:35,0.0
order-68f0541a,order-68f0541a,1,OrderCreated,forward,completed,2025-09-18 12:42:44,2025-09-18 12:42:44,0.0
order-69d1534e,order-69d1534e,1,OrderCreated,forward,completed,2025-09-15 10:07:55,2025-09-15 10:07:55,0.0
order-6a031a6c,order-6a031a6c,1,OrderCreated,forward,completed,2025-09-18 12:42:52,2025-09-18 12:42:52,0.0
order-6a08fa1b,order-6a08fa1b,1,OrderCreated,forward,completed,2025-09-15 10:07:50,2025-09-15 10:07:50,0.0
order-6a1159be,order-6a1159be,1,OrderCreated,forward,completed,2025-09-15 10:08:01,2025-09-15 10:08:01,0.0
order-6a44fb74,order-6a44fb74,1,OrderCreated,forward,completed,2025-09-15 10:07:58,2025-09-15 10:07:58,0.0
order-6aad944b,order-6aad944b,1,OrderCreated,forward,completed,2025-09-18 12:42:39,2025-09-18 12:42:39,0.0
order-6b1dcf92,order-6b1dcf92,1,OrderCreated,forward,completed,2025-09-15 10:07:55,2025-09-15 10:07:55,0.0
order-6b56c4b4,order-6b56c4b4,1,OrderCreated,forward,completed,2025-09-18 12:42:42,2025-09-18 12:42:42,0.0
order-6bd21d69,order-6bd21d69,1,OrderCreated,forward,completed,2025-09-15 10:07:56,2025-09-15 10:07:56,0.0
order-6c15db93,order-6c15db93,1,OrderCreated,forward,completed,2025-09-15 10:07:57,2025-09-15 10:07:57,0.0
order-6d9c9f94,order-6d9c9f94,1,OrderCreated,forward,completed,2025-09-18 12:42:46,2025-09-18 12:42:46,0.0
order-6f6a0563,order-6f6a0563,1,OrderCreated,forward,completed,2025-09-15 10:07:50,2025-09-15 10:07:50,0.0
order-6f6dc6ee,order-6f6dc6ee,1,OrderCreated,forward,completed,2025-09-15 10:08:04,2025-09-15 10:08:04,0.0
order-6f79ada7,order-6f79ada7,1,OrderCreated,forward,completed,2025-09-15 10:08:02,2025-09-15 10:08:02,0.0
order-6f83db20,order-6f83db20,1,OrderCreated,forward,completed,2025-09-18 12:42:45,2025-09-18 12:42:45,0.0
order-6f886c5a,order-6f886c5a,1,OrderCreated,forward,completed,2025-09-18 12:42:47,2025-09-18 12:42:47,0.0
order-6fb5a664,order-6fb5a664,1,OrderCreated,forward,completed,2025-09-18 12:42:53,2025-09-18 12:42:53,0.0
order-6ff8714c,order-6ff8714c,1,OrderCreated,forward,completed,2025-09-18 12:42:43,2025-09-18 12:42:43,0.0
order-701a32da,order-701a32da,1,OrderCreated,forward,completed,2025-09-15 10:07:53,2025-09-15 10:07:53,0.0
order-70493059,order-70493059,1,OrderCreated,forward,completed,2025-09-15 10:08:00,2025-09-15 10:08:00,0.0
order-70afa811,order-70afa811,1,OrderCreated,forward,completed,2025-09-15 10:07:52,2025-09-15 10:07:52,0.0
order-7213bd91,order-7213bd91,1,OrderCreated,forward,completed,2025-09-15 10:07:52,2025-09-15 10:07:52,0.0
order-7312ff7d,order-7312ff7d,1,OrderCreated,forward,completed,2025-09-18 12:42:46,2025-09-18 12:42:46,0.0
order-734ebc25,order-734ebc25,1,OrderCreated,forward,completed,2025-09-15 10:07:52,2025-09-15 10:07:52,0.0
order-73bb5446,order-73bb5446,1,OrderCreated,forward,completed,2025-09-15 10:07:55,2025-09-15 10:07:55,0.0
order-73e676f3,order-73e676f3,1,OrderCreated,forward,completed,2025-09-18 12:42:55,2025-09-18 12:42:55,0.0
order-745bc366,order-745bc366,1,OrderCreated,forward,completed,2025-09-18 12:42:41,2025-09-18 12:42:41,0.0
order-746f8d2a,order-746f8d2a,1,OrderCreated,forward,completed,2025-09-18 12:42:37,2025-09-18 12:42:37,0.0
order-74b7ef86,order-74b7ef86,1,OrderCreated,forward,completed,2025-09-15 10:07:50,2025-09-15 10:07:50,0.0
order-74bbb002,order-74bbb002,1,OrderCreated,forward,completed,2025-09-18 12:42:51,2025-09-18 12:42:51,0.0
order-75ff16c8,order-75ff16c8,1,OrderCreated,forward,completed,2025-09-18 12:42:47,2025-09-18 12:42:47,0.0
order-768b4f1e,order-768b4f1e,1,OrderCreated,forward,completed,2025-09-18 12:42:50,2025-09-18 12:42:50,0.0
order-77a43ddc,order-77a43ddc,1,OrderCreated,forward,completed,2025-09-15 10:07:50,2025-09-15 10:07:50,0.0
order-77aa78a8,order-77aa78a8,1,OrderCreated,forward,completed,2025-09-18 12:42:53,2025-09-18 12:42:53,0.0
order-77c5496a,order-77c5496a,1,OrderCreated,forward,completed,2025-09-18 12:42:17,2025-09-18 12:42:17,0.0
order-77f006f0,order-77f006f0,1,OrderCreated,forward,completed,2025-09-15 10:07:58,2025-09-15 10:07:58,0.0
order-783fcf8f,order-783fcf8f,1,OrderCreated,forward,completed,2025-09-18 12:42:17,2025-09-18 12:42:17,0.0
order-7842755d,order-7842755d,1,OrderCreated,forward,completed,2025-09-18 12:42:39,2025-09-18 12:42:39,0.0
order-785b087a,order-785b087a,1,OrderCreated,forward,completed,2025-09-18 12:42:35,2025-09-18 12:42:35,0.0
order-793d79c2,order-793d79c2,1,OrderCreated,forward,completed,2025-09-15 10:07:52,2025-09-15 10:07:52,0.0
order-7a1ceb18,order-7a1ceb18,1,OrderCreated,forward,completed,2025-09-18 12:42:43,2025-09-18 12:42:43,0.0
order-7a2a4c18,order-7a2a4c18,1,OrderCreated,forward,completed,2025-09-18 12:42:50,2025-09-18 12:42:50,0.0
order-7a2d421d,order-7a2d421d,1,OrderCreated,forward,completed,2025-09-15 10:07:50,2025-09-15 10:07:50,0.0
order-7a3a9f95,order-7a3a9f95,1,OrderCreated,forward,completed,2025-09-15 10:07:58,2025-09-15 10:07:58,0.0
order-7a4cf008,order-7a4cf008,1,OrderCreated,forward,completed,2025-09-18 12:42:39,2025-09-18 12:42:39,0.0
order-7a6ee652,order-7a6ee652,1,OrderCreated,forward,completed,2025-09-15 10:07:54,2025-09-15 10:07:54,0.0
order-7c9146f7,order-7c9146f7,1,OrderCreated,forward,completed,2025-09-15 10:08:01,2025-09-15 10:08:01,0.0
order-7cb87c50,order-7cb87c50,1,OrderCreated,forward,completed,2025-09-18 12:42:41,2025-09-18 12:42:41,0.0
order-7d23ddc4,order-7d23ddc4,1,OrderCreated,forward,completed,2025-09-18 12:42:52,2025-09-18 12:42:52,0.0
order-7d58ea20,order-7d58ea20,1,OrderCreated,forward,completed,2025-09-18 12:42:47,2025-09-18 12:42:47,0.0
order-7dc49e60,order-7dc49e60,1,OrderCreated,forward,completed,2025-09-15 10:07:54,2025-09-15 10:07:54,0.0
order-7de9454d,order-7de9454d,1,OrderCreated,forward,completed,2025-09-18 12:37:06,2025-09-18 12:37:06,0.0
order-7e5cca93,order-7e5cca93,1,OrderCreated,forward,completed,2025-09-18 12:42:16,2025-09-18 12:42:16,0.0
order-7e659f16,order-7e659f16,1,OrderCreated,forward,completed,2025-09-15 10:08:02,2025-09-15 10:08:02,0.0
order-7f55a8e6,order-7f55a8e6,1,OrderCreated,forward,completed,2025-09-15 10:07:50,2025-09-15 10:07:50,0.0
order-7fb7fe16,order-7fb7fe16,1,OrderCreated,forward,completed,2025-09-18 12:42:49,2025-09-18 12:42:49,0.0
order-80a56b1c,order-80a56b1c,1,OrderCreated,forward,completed,2025-09-15 10:07:59,2025-09-15 10:07:59,0.0
order-80d809dd,order-80d809dd,1,OrderCreated,forward,completed,2025-09-18 12:42:39,2025-09-18 12:42:39,0.0
order-80e44772,order-80e44772,1,OrderCreated,forward,completed,2025-09-18 12:42:48,2025-09-18 12:42:48,0.0
order-80ff9203,order-80ff9203,1,OrderCreated,forward,completed,2025-09-18 12:42:46,2025-09-18 12:42:46,0.0
order-81216883,order-81216883,1,OrderCreated,forward,completed,2025-09-15 10:08:03,2025-09-15 10:08:03,0.0
order-812392ed,order-812392ed,1,OrderCreationFailed,compensation,completed,2025-09-18 12:40:35,2025-09-18 12:40:35,0.0
order-819d28a6,order-819d28a6,1,OrderCreated,forward,completed,2025-09-18 12:40:33,2025-09-18 12:40:33,0.0
order-81f6fe11,order-81f6fe11,1,OrderCreated,forward,completed,2025-09-18 12:42:43,2025-09-18 12:42:43,0.0
order-8237da71,order-8237da71,1,OrderCreated,forward,completed,2025-09-15 10:07:59,2025-09-15 10:07:59,0.0
order-82bd4a1b,order-82bd4a1b,1,OrderCreated,forward,completed,2025-09-18 12:42:46,2025-09-18 12:42:46,0.0
order-82bfaba7,order-82bfaba7,1,OrderCreated,forward,completed,2025-09-18 12:42:37,2025-09-18 12:42:37,0.0
order-8311d686,order-8311d686,1,OrderCreated,forward,completed,2025-09-15 10:07:50,2025-09-15 10:07:50,0.0
order-831b9ee5,order-831b9ee5,1,OrderCreated,forward,completed,2025-09-18 12:42:49,2025-09-18 12:42:49,0.0
order-8420ddda,order-8420ddda,1,OrderCreated,forward,completed,2025-09-18 12:42:49,2025-09-18 12:42:49,0.0
order-84228cbe,order-84228cbe,1,OrderCreated,forward,completed,2025-09-15 10:07:57,2025-09-15 10:07:57,0.0
order-8439259f,order-8439259f,1,OrderCreated,forward,completed,2025-09-18 12:42:47,2025-09-18 12:42:47,0.0
order-84b5d2df,order-84b5d2df,1,OrderCreated,forward,completed,2025-09-18 12:42:53,2025-09-18 12:42:53,0.0
order-84dbe8b7,order-84dbe8b7,1,OrderCreated,forward,completed,2025-09-15 10:07:56,2025-09-15 10:07:56,0.0
order-84decd04,order-84decd04,1,OrderCreated,forward,completed,2025-09-15 10:08:00,2025-09-15 10:08:00,0.0
order-84e5ab51,order-84e5ab51,1,OrderCreated,forward,completed,2025-09-15 10:08:02,2025-09-15 10:08:02,0.0
order-8504c145,order-8504c145,1,OrderCreated,forward,completed,2025-09-18 12:42:56,2025-09-18 12:42:56,0.0
order-851b89e3,order-851b89e3,1,OrderCreated,forward,completed,2025-09-15 10:07:53,2025-09-15 10:07:53,0.0
order-853c5815,order-853c5815,1,OrderCreated,forward,completed,2025-09-18 12:42:51,2025-09-18 12:42:51,0.0
order-85ef2c13,order-85ef2c13,1,OrderCreated,forward,completed,2025-09-18 12:42:50,2025-09-18 12:42:50,0.0
order-8601bfb2,order-8601bfb2,1,OrderCreated,forward,completed,2025-09-18 12:42:48,2025-09-18 12:42:48,0.0
order-8634d0f8,order-8634d0f8,1,OrderCreated,forward,completed,2025-09-18 12:42:52,2025-09-18 12:42:52,0.0
order-86a762b6,order-86a762b6,1,OrderCreated,forward,completed,2025-09-18 12:42:41,2025-09-18 12:42:41,0.0
order-86bd8821,order-86bd8821,1,OrderCreated,forward,completed,2025-09-18 12:42:56,2025-09-18 12:42:56,0.0
order-86cc4d60,order-86cc4d60,1,OrderCreated,forward,completed,2025-09-18 12:42:49,2025-09-18 12:42:49,0.0
order-86f3016d,order-86f3016d,1,OrderCreated,forward,completed,2025-09-18 12:42:40,2025-09-18 12:42:40,0.0
order-8825102c,order-8825102c,1,OrderCreated,forward,completed,2025-09-15 10:07:51,2025-09-15 10:07:51,0.0
order-88b3acfc,order-88b3acfc,1,OrderCreated,forward,completed,2025-09-18 12:42:47,2025-09-18 12:42:47,0.0
order-8936a349,order-8936a349,1,OrderCreated,forward,completed,2025-09-18 12:42:54,2025-09-18 12:42:54,0.0
order-893ae677,order-893ae677,1,OrderCreated,forward,completed,2025-09-18 12:42:36,2025-09-18 12:42:36,0.0
order-89d2dd96,order-89d2dd96,1,OrderCreated,forward,completed,2025-09-18 12:42:35,2025-09-18 12:42:35,0.0
order-8a2e51b4,order-8a2e51b4,1,OrderCreated,forward,completed,2025-09-18 12:42:52,2025-09-18 12:42:52,0.0
order-8a60a5b4,order-8a60a5b4,1,OrderCreated,forward,completed,2025-09-15 10:08:01,2025-09-15 10:08:01,0.0
order-8b1943bc,order-8b1943bc,1,OrderCreated,forward,completed,2025-09-15 10:08:03,2025-09-15 10:08:03,0.0
order-8b2d812e,order-8b2d812e,1,OrderCreated,forward,completed,2025-09-18 12:42:17,2025-09-18 12:42:17,0.0
order-8b39f4e6,order-8b39f4e6,1,OrderCreationFailed,compensation,completed,2025-09-15 10:07:39,2025-09-15 10:07:39,0.0
order-8c66ba35,order-8c66ba35,1,OrderCreated,forward,completed,2025-09-18 12:42:36,2025-09-18 12:42:36,0.0
order-8e1c9127,order-8e1c9127,1,OrderCreated,forward,completed,2025-09-18 12:42:41,2025-09-18 12:42:41,0.0
order-8e1e6aba,order-8e1e6aba,1,OrderCreated,forward,completed,2025-09-18 12:42:35,2025-09-18 12:42:35,0.0
order-8e33ea58,order-8e33ea58,1,OrderCreated,forward,completed,2025-09-15 10:07:50,2025-09-15 10:07:50,0.0
order-8e49a6de,order-8e49a6de,1,OrderCreated,forward,completed,2025-09-18 12:42:46,2025-09-18 12:42:46,0.0
order-8fe373de,order-8fe373de,1,OrderCreated,forward,completed,2025-09-15 10:07:58,2025-09-15 10:07:58,0.0
order-8ff9fade,order-8ff9fade,1,OrderCreated,forward,completed,2025-09-15 10:07:59,2025-09-15 10:07:59,0.0
order-901ee98a,order-901ee98a,1,OrderCreated,forward,completed,2025-09-15 10:07:58,2025-09-15 10:07:58,0.0
order-905230db,order-905230db,1,OrderCreated,forward,completed,2025-09-18 12:40:33,2025-09-18 12:40:33,0.0
order-913f437f,order-913f437f,1,OrderCreated,forward,completed,2025-09-18 12:42:53,2025-09-18 12:42:53,0.0
order-92548671,order-92548671,1,OrderCreated,forward,completed,2025-09-18 12:42:44,2025-09-18 12:42:44,0.0
order-9392a4f4,order-9392a4f4,1,OrderCreated,forward,completed,2025-09-15 10:07:57,2025-09-15 10:07:57,0.0
order-93df79ac,order-93df79ac,1,OrderCreated,forward,completed,2025-09-15 10:08:03,2025-09-15 10:08:03,0.0
order-9463bdad,order-9463bdad,1,OrderCreated,forward,completed,2025-09-15 10:08:00,2025-09-15 10:08:00,0.0
order-947d6584,order-947d6584,1,OrderCreated,forward,completed,2025-09-18 12:42:35,2025-09-18 12:42:35,0.0
order-952ccd52,order-952ccd52,1,OrderCreated,forward,completed,2025-09-18 12:42:17,2025-09-18 12:42:17,0.0
order-958a9bf6,order-958a9bf6,1,OrderCreated,forward,completed,2025-09-15 10:07:52,2025-09-15 10:07:52,0.0
order-958d173d,order-958d173d,1,OrderCreated,forward,completed,2025-09-18 12:42:16,2025-09-18 12:42:16,0.0
order-9624e362,order-9624e362,1,OrderCreated,forward,completed,2025-09-18 12:42:48,2025-09-18 12:42:48,0.0
order-9645120f,order-9645120f,1,OrderCreated,forward,completed,2025-09-18 12:42:51,2025-09-18 12:42:51,0.0
order-9683d95f,order-9683d95f,1,OrderCreated,forward,completed,2025-09-15 10:08:01,2025-09-15 10:08:01,0.0
order-973ce2a9,order-973ce2a9,1,OrderCreated,forward,completed,2025-09-18 12:42:37,2025-09-18 12:42:37,0.0
order-974780e3,order-974780e3,1,OrderCreated,forward,completed,2025-09-18 12:42:53,2025-09-18 12:42:53,0.0
order-97f742b2,order-97f742b2,1,OrderCreated,forward,completed,2025-09-18 12:42:51,2025-09-18 12:42:51,0.0
order-98668608,order-98668608,1,OrderCreated,forward,completed,2025-09-18 12:42:39,2025-09-18 12:42:39,0.0
order-9889f4ab,order-9889f4ab,1,OrderCreated,forward,completed,2025-09-18 12:42:51,2025-09-18 12:42:51,0.0
order-9a787d88,order-9a787d88,1,OrderCreated,forward,completed,2025-09-15 10:07:58,2025-09-15 10:07:58,0.0
order-9bbd0874,order-9bbd0874,1,OrderCreated,forward,completed,2025-09-18 12:42:38,2025-09-18 12:42:38,0.0
order-9bbec421,order-9bbec421,1,OrderCreated,forward,completed,2025-09-15 10:07:38,2025-09-15 10:07:38,0.0
order-9e5cbc6f,order-9e5cbc6f,1,OrderCreated,forward,completed,2025-09-15 10:07:56,2025-09-15 10:07:56,0.0
order-9f5c4420,order-9f5c4420,1,OrderCreated,forward,completed,2025-09-18 12:42:43,2025-09-18 12:42:43,0.0
order-a10cec86,order-a10cec86,1,OrderCreated,forward,completed,2025-09-18 12:42:50,2025-09-18 12:42:50,0.0
order-a14e624c,order-a14e624c,1,OrderCreated,forward,completed,2025-09-18 12:42:55,2025-09-18 12:42:55,0.0
order-a222baf5,order-a222baf5,1,OrderCreated,forward,completed,2025-09-18 12:42:38,2025-09-18 12:42:38,0.0
order-a2378ca0,order-a2378ca0,1,OrderCreated,forward,completed,2025-09-15 10:07:38,2025-09-15 10:07:38,0.0
order-a2a088bf,order-a2a088bf,1,OrderCreated,forward,completed,2025-09-15 10:07:56,2025-09-15 10:07:56,0.0
order-a2ed1d42,order-a2ed1d42,1,OrderCreated,forward,completed,2025-09-18 12:42:46,2025-09-18 12:42:46,0.0
order-a3c7e44b,order-a3c7e44b,1,OrderCreated,forward,completed,2025-09-18 12:42:52,2025-09-18 12:42:52,0.0
order-a73ab028,order-a73ab028,1,OrderCreated,forward,completed,2025-09-15 10:07:58,2025-09-15 10:07:58,0.0
order-a855486d,order-a855486d,1,OrderCreated,forward,completed,2025-09-18 12:42:39,2025-09-18 12:42:39,0.0
order-a86f5d75,order-a86f5d75,1,OrderCreated,forward,completed,2025-09-15 10:08:03,2025-09-15 10:08:03,0.0
order-aa0060f3,order-aa0060f3,1,OrderCreated,forward,completed,2025-09-15 10:07:56,2025-09-15 10:07:56,0.0
order-aaca70ca,order-aaca70ca,1,OrderCreated,forward,completed,2025-09-15 10:08:01,2025-09-15 10:08:01,0.0
order-ab57851c,order-ab57851c,1,OrderCreated,forward,completed,2025-09-15 10:07:54,2025-09-15 10:07:54,0.0
order-abbd6989,order-abbd6989,1,OrderCreated,forward,completed,2025-09-18 12:42:40,2025-09-18 12:42:40,0.0
order-ac4fdf43,order-ac4fdf43,1,OrderCreated,forward,completed,2025-09-15 10:07:57,2025-09-15 10:07:57,0.0
order-ad24c4af,order-ad24c4af,1,OrderCreated,forward,completed,2025-09-15 10:08:01,2025-09-15 10:08:01,0.0
order-ad29f66b,order-ad29f66b,1,OrderCreated,forward,completed,2025-09-15 10:07:56,2025-09-15 10:07:56,0.0
order-aefc345e,order-aefc345e,1,OrderCreated,forward,completed,2025-09-18 12:42:43,2025-09-18 12:42:43,0.0
order-b05de5b9,order-b05de5b9,1,OrderCreated,forward,completed,2025-09-18 12:42:48,2025-09-18 12:42:48,0.0
order-b2a85148,order-b2a85148,1,OrderCreated,forward,completed,2025-09-15 10:07:55,2025-09-15 10:07:55,0.0
order-b3a80a4d,order-b3a80a4d,1,OrderCreated,forward,completed,2025-09-18 12:42:37,2025-09-18 12:42:37,0.0
order-b41738bd,order-b41738bd,1,OrderCreated,forward,completed,2025-09-15 10:07:52,2025-09-15 10:07:52,0.0
order-b46a520a,order-b46a520a,1,OrderCreated,forward,completed,2025-09-15 10:07:59,2025-09-15 10:07:59,0.0
order-b5118f8d,order-b5118f8d,1,OrderCreated,forward,completed,2025-09-15 10:07:50,2025-09-15 10:07:50,0.0
order-b581c855,order-b581c855,1,OrderCreated,forward,completed,2025-09-18 12:42:37,2025-09-18 12:42:37,0.0
order-b64105c7,order-b64105c7,1,OrderCreated,forward,completed,2025-09-18 12:42:37,2025-09-18 12:42:37,0.0
order-b6f0d84f,order-b6f0d84f,1,OrderCreated,forward,completed,2025-09-18 12:42:55,2025-09-18 12:42:55,0.0
order-b81b95a0,order-b81b95a0,1,OrderCreated,forward,completed,2025-09-15 10:07:57,2025-09-15 10:07:57,0.0
order-b822f485,order-b822f485,1,OrderCreated,forward,completed,2025-09-18 12:42:51,2025-09-18 12:42:51,0.0
order-b8388e35,order-b8388e35,1,OrderCreated,forward,completed,2025-09-18 12:42:49,2025-09-18 12:42:49,0.0
order-b8565419,order-b8565419,1,OrderCreated,forward,completed,2025-09-18 12:42:35,2025-09-18 12:42:35,0.0
order-b8c045bf,order-b8c045bf,1,OrderCreated,forward,completed,2025-09-15 10:07:50,2025-09-15 10:07:50,0.0
order-b9db0af7,order-b9db0af7,1,OrderCreated,forward,completed,2025-09-18 12:42:39,2025-09-18 12:42:39,0.0
order-b9e48f13,order-b9e48f13,1,OrderCreated,forward,completed,2025-09-15 10:08:01,2025-09-15 10:08:01,0.0
order-b9ec2965,order-b9ec2965,1,OrderCreated,forward,completed,2025-09-18 12:42:17,2025-09-18 12:42:17,0.0
order-b9fef6ff,order-b9fef6ff,1,OrderCreated,forward,completed,2025-09-15 10:07:59,2025-09-15 10:07:59,0.0
order-ba42eb0c,order-ba42eb0c,1,OrderCreated,forward,completed,2025-09-15 10:07:58,2025-09-15 10:07:58,0.0
order-ba865f05,order-ba865f05,1,OrderCreated,forward,completed,2025-09-18 12:42:43,2025-09-18 12:42:43,0.0
order-ba8d5df5,order-ba8d5df5,1,OrderCreated,forward,completed,2025-09-18 12:42:45,2025-09-18 12:42:45,0.0
order-bac52c20,order-bac52c20,1,OrderCreated,forward,completed,2025-09-18 12:42:39,2025-09-18 12:42:39,0.0
order-bb6acfa5,order-bb6acfa5,1,OrderCreated,forward,completed,2025-09-15 10:07:52,2025-09-15 10:07:52,0.0
order-bb84bf5a,order-bb84bf5a,1,OrderCreationFailed,compensation,completed,2025-09-15 10:07:39,2025-09-15 10:07:39,0.0
order-bb9cc092,order-bb9cc092,1,OrderCreated,forward,completed,2025-09-18 12:42:52,2025-09-18 12:42:52,0.0
order-bba2841f,order-bba2841f,1,OrderCreated,forward,completed,2025-09-18 12:42:35,2025-09-18 12:42:35,0.0
order-bbb21901,order-bbb21901,1,OrderCreated,forward,completed,2025-09-18 12:42:18,2025-09-18 12:42:18,0.0
order-bbe0c429,order-bbe0c429,1,OrderCreated,forward,completed,2025-09-15 10:07:50,2025-09-15 10:07:50,0.0
order-bbfa3bf3,order-bbfa3bf3,1,OrderCreated,forward,completed,2025-09-15 10:07:53,2025-09-15 10:07:53,0.0
order-bc0b945f,order-bc0b945f,1,OrderCreated,forward,completed,2025-09-18 12:42:37,2025-09-18 12:42:37,0.0
order-bd035417,order-bd035417,1,OrderCreated,forward,completed,2025-09-18 12:42:39,2025-09-18 12:42:39,0.0
order-be97f745,order-be97f745,1,OrderCreated,forward,completed,2025-09-15 10:08:02,2025-09-15 10:08:02,0.0
order-bed98fd4,order-bed98fd4,1,OrderCreated,forward,completed,2025-09-15 10:08:01,2025-09-15 10:08:01,0.0
order-bf5f970e,order-bf5f970e,1,OrderCreated,forward,completed,2025-09-18 12:42:42,2025-09-18 12:42:42,0.0
order-bfe24341,order-bfe24341,1,OrderCreated,forward,completed,2025-09-18 12:42:47,2025-09-18 12:42:47,0.0
order-bfedf6c3,order-bfedf6c3,1,OrderCreated,forward,completed,2025-09-15 10:07:56,2025-09-15 10:07:56,0.0
order-bff66c54,order-bff66c54,1,OrderCreated,forward,completed,2025-09-18 12:42:54,2025-09-18 12:42:54,0.0
order-c004e444,order-c004e444,1,OrderCreated,forward,completed,2025-09-18 12:42:41,2025-09-18 12:42:41,0.0
order-c01cab5c,order-c01cab5c,1,OrderCreated,forward,completed,2025-09-15 10:07:55,2025-09-15 10:07:55,0.0
order-c07f2c01,order-c07f2c01,1,OrderCreationFailed,compensation,completed,2025-09-15 10:07:38,2025-09-15 10:07:38,0.0
order-c0cd4468,order-c0cd4468,1,OrderCreated,forward,completed,2025-09-18 12:42:54,2025-09-18 12:42:54,0.0
order-c151a032,order-c151a032,1,OrderCreated,forward,completed,2025-09-15 10:08:03,2025-09-15 10:08:03,0.0
order-c1bea66a,order-c1bea66a,1,OrderCreated,forward,completed,2025-09-18 12:42:47,2025-09-18 12:42:47,0.0
order-c1c1f214,order-c1c1f214,1,OrderCreated,forward,completed,2025-09-18 12:42:41,2025-09-18 12:42:41,0.0
order-c27dcf4d,order-c27dcf4d,1,OrderCreated,forward,completed,2025-09-18 12:42:35,2025-09-18 12:42:35,0.0
order-c30395c8,order-c30395c8,1,OrderCreated,forward,completed,2025-09-18 12:42:38,2025-09-18 12:42:38,0.0
order-c3305194,order-c3305194,1,OrderCreated,forward,completed,2025-09-15 10:07:57,2025-09-15 10:07:57,0.0
order-c39d6c7c,order-c39d6c7c,1,OrderCreated,forward,completed,2025-09-18 12:42:47,2025-09-18 12:42:47,0.0
order-c4be1eca,order-c4be1eca,1,OrderCreated,forward,completed,2025-09-15 10:07:58,2025-09-15 10:07:58,0.0
order-c548ff37,order-c548ff37,1,OrderCreated,forward,completed,2025-09-18 12:42:40,2025-09-18 12:42:40,0.0
order-c5a616dd,order-c5a616dd,1,OrderCreated,forward,completed,2025-09-15 10:07:52,2025-09-15 10:07:52,0.0
order-c660ef93,order-c660ef93,1,OrderCreated,forward,completed,2025-09-15 10:08:02,2025-09-15 10:08:02,0.0
order-c8087a7d,order-c8087a7d,1,OrderCreated,forward,completed,2025-09-18 12:42:49,2025-09-18 12:42:49,0.0
order-c8a15185,order-c8a15185,1,OrderCreated,forward,completed,2025-09-18 12:42:43,2025-09-18 12:42:43,0.0
order-c8c5eb16,order-c8c5eb16,1,OrderCreated,forward,completed,2025-09-15 10:08:00,2025-09-15 10:08:00,0.0
order-ca35b219,order-ca35b219,1,OrderCreated,forward,completed,2025-09-18 12:42:35,2025-09-18 12:42:35,0.0
order-ca646751,order-ca646751,1,OrderCreated,forward,completed,2025-09-18 12:42:16,2025-09-18 12:42:16,0.0
order-cafd85b6,order-cafd85b6,1,OrderCreated,forward,completed,2025-09-18 12:42:53,2025-09-18 12:42:53,0.0
order-cb6b70aa,order-cb6b70aa,1,OrderCreated,forward,completed,2025-09-18 12:42:56,2025-09-18 12:42:56,0.0
order-cb71ac98,order-cb71ac98,1,OrderCreated,forward,completed,2025-09-18 12:42:55,2025-09-18 12:42:55,0.0
order-cb840ddd,order-cb840ddd,1,OrderCreated,forward,completed,2025-09-15 10:08:01,2025-09-15 10:08:01,0.0
order-cbec4699,order-cbec4699,1,OrderCreated,forward,completed,2025-09-18 12:42:43,2025-09-18 12:42:43,0.0
order-cc789fbe,order-cc789fbe,1,OrderCreated,forward,completed,2025-09-15 10:07:50,2025-09-15 10:07:50,0.0
order-ccd5a9c1,order-ccd5a9c1,1,OrderCreated,forward,completed,2025-09-15 10:07:50,2025-09-15 10:07:50,0.0
order-cd618a0d,order-cd618a0d,1,OrderCreated,forward,completed,2025-09-15 10:07:52,2025-09-15 10:07:52,0.0
order-cda5bd98,order-cda5bd98,1,OrderCreated,forward,completed,2025-09-18 12:42:45,2025-09-18 12:42:45,0.0
order-cdcc85fc,order-cdcc85fc,1,OrderCreated,forward,completed,2025-09-18 12:42:35,2025-09-18 12:42:35,0.0
order-cded7adb,order-cded7adb,1,OrderCreated,forward,completed,2025-09-15 10:07:50,2025-09-15 10:07:50,0.0
order-ced05074,order-ced05074,1,OrderCreated,forward,completed,2025-09-15 10:08:01,2025-09-15 10:08:01,0.0
order-cf5038e2,order-cf5038e2,1,OrderCreated,forward,completed,2025-09-15 10:07:56,2025-09-15 10:07:56,0.0
order-cfb04afb,order-cfb04afb,1,OrderCreated,forward,completed,2025-09-15 10:07:52,2025-09-15 10:07:52,0.0
order-d108384d,order-d108384d,1,OrderCreated,forward,completed,2025-09-15 10:07:50,2025-09-15 10:07:50,0.0
order-d1d119f1,order-d1d119f1,1,OrderCreated,forward,completed,2025-09-15 10:07:54,2025-09-15 10:07:54,0.0
order-d1fcf670,order-d1fcf670,1,OrderCreated,forward,completed,2025-09-15 10:07:54,2025-09-15 10:07:54,0.0
order-d2a66e68,order-d2a66e68,1,OrderCreated,forward,completed,2025-09-18 12:42:41,2025-09-18 12:42:41,0.0
order-d31273c1,order-d31273c1,1,OrderCreated,forward,completed,2025-09-18 12:42:44,2025-09-18 12:42:44,0.0
order-d3db7466,order-d3db7466,1,OrderCreated,forward,completed,2025-09-18 12:42:45,2025-09-18 12:42:45,0.0
order-d474eca6,order-d474eca6,1,OrderCreated,forward,completed,2025-09-18 12:42:46,2025-09-18 12:42:46,0.0
order-d4f8c8b0,order-d4f8c8b0,1,OrderCreated,forward,completed,2025-09-18 12:42:49,2025-09-18 12:42:49,0.0
order-d57dac0c,order-d57dac0c,1,OrderCreated,forward,completed,2025-09-18 12:42:49,2025-09-18 12:42:49,0.0
order-d712ecd2,order-d712ecd2,1,OrderCreated,forward,completed,2025-09-18 12:42:47,2025-09-18 12:42:47,0.0
order-d7626a0d,order-d7626a0d,1,OrderCreated,forward,completed,2025-09-18 12:42:49,2025-09-18 12:42:49,0.0
order-d79c5ad1,order-d79c5ad1,1,OrderCreated,forward,completed,2025-09-18 12:42:16,2025-09-18 12:42:16,0.0
order-d7a78c55,order-d7a78c55,1,OrderCreated,forward,completed,2025-09-18 12:42:35,2025-09-18 12:42:35,0.0
order-d7ed6a4d,order-d7ed6a4d,1,OrderCreated,forward,completed,2025-09-18 12:42:39,2025-09-18 12:42:39,0.0
order-d9ad3d80,order-d9ad3d80,1,OrderCreationFailed,compensation,completed,2025-09-15 10:07:34,2025-09-15 10:07:34,0.0
order-d9ea148d,order-d9ea148d,1,OrderCreated,forward,completed,2025-09-15 10:07:57,2025-09-15 10:07:57,0.0
order-da7400fd,order-da7400fd,1,OrderCreated,forward,completed,2025-09-15 10:07:50,2025-09-15 10:07:50,0.0
order-daa7ca18,order-daa7ca18,1,OrderCreated,forward,completed,2025-09-18 12:42:45,2025-09-18 12:42:45,0.0
order-dad50537,order-dad50537,1,OrderCreated,forward,completed,2025-09-18 12:42:35,2025-09-18 12:42:35,0.0
order-db360071,order-db360071,1,OrderCreated,forward,completed,2025-09-18 12:42:46,2025-09-18 12:42:46,0.0
order-dc76f393,order-dc76f393,1,OrderCreated,forward,completed,2025-09-15 10:07:38,2025-09-15 10:07:38,0.0
order-dcee3466,order-dcee3466,1,OrderCreated,forward,completed,2025-09-18 12:42:39,2025-09-18 12:42:39,0.0
order-dd70747f,order-dd70747f,1,OrderCreated,forward,completed,2025-09-15 10:07:56,2025-09-15 10:07:56,0.0
order-de0c1788,order-de0c1788,1,OrderCreated,forward,completed,2025-09-18 12:42:50,2025-09-18 12:42:50,0.0
order-df131a95,order-df131a95,1,OrderCreated,forward,completed,2025-09-18 12:42:37,2025-09-18 12:42:37,0.0
order-dfc661a4,order-dfc661a4,1,OrderCreated,forward,completed,2025-09-18 12:42:52,2025-09-18 12:42:52,0.0
order-e01cf305,order-e01cf305,1,OrderCreated,forward,completed,2025-09-15 10:07:53,2025-09-15 10:07:53,0.0
order-e06f6933,order-e06f6933,1,OrderCreated,forward,completed,2025-09-18 12:42:45,2025-09-18 12:42:45,0.0
order-e10bb68a,order-e10bb68a,1,OrderCreated,forward,completed,2025-09-15 10:07:54,2025-09-15 10:07:54,0.0
order-e2029c12,order-e2029c12,1,OrderCreated,forward,completed,2025-09-18 12:42:41,2025-09-18 12:42:41,0.0
order-e29cf1d9,order-e29cf1d9,1,OrderCreated,forward,completed,2025-09-18 12:42:49,2025-09-18 12:42:49,0.0
order-e2fe8101,order-e2fe8101,1,OrderCreated,forward,completed,2025-09-15 10:07:59,2025-09-15 10:07:59,0.0
order-e30a5443,order-e30a5443,1,OrderCreated,forward,completed,2025-09-18 12:42:42,2025-09-18 12:42:42,0.0
order-e3fcbcc7,order-e3fcbcc7,1,OrderCreated,forward,completed,2025-09-18 12:42:47,2025-09-18 12:42:47,0.0
order-e492dca2,order-e492dca2,1,OrderCreated,forward,completed,2025-09-18 12:42:47,2025-09-18 12:42:47,0.0
order-e50bd02a,order-e50bd02a,1,OrderCreated,forward,completed,2025-09-15 10:08:00,2025-09-15 10:08:00,0.0
order-e6607254,order-e6607254,1,OrderCreated,forward,completed,2025-09-18 12:42:36,2025-09-18 12:42:36,0.0
order-e6da7757,order-e6da7757,1,OrderCreated,forward,completed,2025-09-15 10:07:59,2025-09-15 10:07:59,0.0
order-e7ffce1e,order-e7ffce1e,1,OrderCreated,forward,completed,2025-09-15 10:07:54,2025-09-15 10:07:54,0.0
order-e806fcb9,order-e806fcb9,1,OrderCreated,forward,completed,2025-09-15 10:07:56,2025-09-15 10:07:56,0.0
order-e88d07bc,order-e88d07bc,1,OrderCreated,forward,completed,2025-09-15 10:07:50,2025-09-15 10:07:50,0.0
order-e8bf4f86,order-e8bf4f86,1,OrderCreated,forward,completed,2025-09-18 12:42:35,2025-09-18 12:42:35,0.0
order-e9a8f3b8,order-e9a8f3b8,1,OrderCreated,forward,completed,2025-09-15 10:07:54,2025-09-15 10:07:54,0.0
order-e9f5c85a,order-e9f5c85a,1,OrderCreated,forward,completed,2025-09-18 12:42:38,2025-09-18 12:42:38,0.0
order-ea8dd1e7,order-ea8dd1e7,1,OrderCreated,forward,completed,2025-09-18 12:42:17,2025-09-18 12:42:17,0.0
order-ea9695a1,order-ea9695a1,1,OrderCreated,forward,completed,2025-09-18 12:42:38,2025-09-18 12:42:38,0.0
order-eba84fa4,order-eba84fa4,1,OrderCreated,forward,completed,2025-09-18 12:42:44,2025-09-18 12:42:44,0.0
order-ecbaae5a,order-ecbaae5a,1,OrderCreated,forward,completed,2025-09-18 12:42:51,2025-09-18 12:42:51,0.0
order-ecc85930,order-ecc85930,1,OrderCreated,forward,completed,2025-09-18 12:42:53,2025-09-18 12:42:53,0.0
order-eef18fea,order-eef18fea,1,OrderCreated,forward,completed,2025-09-15 10:07:56,2025-09-15 10:07:56,0.0
order-ef35093f,order-ef35093f,1,OrderCreated,forward,completed,2025-09-18 12:42:53,2025-09-18 12:42:53,0.0
order-f1073ead,order-f1073ead,1,OrderCreated,forward,completed,2025-09-15 10:07:51,2025-09-15 10:07:51,0.0
order-f11d8b61,order-f11d8b61,1,OrderCreated,forward,completed,2025-09-15 10:07:53,2025-09-15 10:07:53,0.0
order-f17d6355,order-f17d6355,1,OrderCreated,forward,completed,2025-09-18 12:42:45,2025-09-18 12:42:45,0.0
order-f1e02074,order-f1e02074,1,OrderCreated,forward,completed,2025-09-18 12:42:49,2025-09-18 12:42:49,0.0
order-f1ee68e6,order-f1ee68e6,1,OrderCreated,forward,completed,2025-09-18 12:42:41,2025-09-18 12:42:41,0.0
order-f29cd78e,order-f29cd78e,1,OrderCreated,forward,completed,2025-09-18 12:42:39,2025-09-18 12:42:39,0.0
order-f2df4850,order-f2df4850,1,OrderCreated,forward,completed,2025-09-18 12:42:37,2025-09-18 12:42:37,0.0
order-f336d1b0,order-f336d1b0,1,OrderCreated,forward,completed,2025-09-18 12:42:42,2025-09-18 12:42:42,0.0
order-f345865e,order-f345865e,1,OrderCreated,forward,completed,2025-09-18 12:40:33,2025-09-18 12:40:33,0.0
order-f39b546b,order-f39b546b,1,OrderCreated,forward,completed,2025-09-15 10:07:54,2025-09-15 10:07:54,0.0
order-f3aea469,order-f3aea469,1,OrderCreated,forward,completed,2025-09-18 12:42:49,2025-09-18 12:42:49,0.0
order-f4082cbd,order-f4082cbd,1,OrderCreated,forward,completed,2025-09-15 10:07:52,2025-09-15 10:07:52,0.0
order-f691b05e,order-f691b05e,1,OrderCreated,forward,completed,2025-09-15 10:07:54,2025-09-15 10:07:54,0.0
order-f78fd49b,order-f78fd49b,1,OrderCreated,forward,completed,2025-09-15 10:07:52,2025-09-15 10:07:52,0.0
order-f7aad43f,order-f7aad43f,1,OrderCreated,forward,completed,2025-09-15 10:08:02,2025-09-15 10:08:02,0.0
order-f847bd28,order-f847bd28,1,OrderCreated,forward,completed,2025-09-15 10:07:56,2025-09-15 10:07:56,0.0
order-f859e6d7,order-f859e6d7,1,OrderCreated,forward,completed,2025-09-18 12:42:35,2025-09-18 12:42:35,0.0
order-f8e7f0c1,order-f8e7f0c1,1,OrderCreated,forward,completed,2025-09-18 12:42:42,2025-09-18 12:42:42,0.0
order-f8f12b4e,order-f8f12b4e,1,OrderCreationFailed,compensation,completed,2025-09-15 10:07:40,2025-09-15 10:07:40,0.0
order-f94bb418,order-f94bb418,1,OrderCreated,forward,completed,2025-09-18 12:42:50,2025-09-18 12:42:50,0.0
order-fa4d59e7,order-fa4d59e7,1,OrderCreated,forward,completed,2025-09-18 12:42:18,2025-09-18 12:42:18,0.0
order-fadbcc61,order-fadbcc61,1,OrderCreated,forward,completed,2025-09-18 12:42:41,2025-09-18 12:42:41,0.0
order-fc5a4417,order-fc5a4417,1,OrderCreated,forward,completed,2025-09-18 12:42:43,2025-09-18 12:42:43,0.0
order-fc742054,order-fc742054,1,OrderCreated,forward,completed,2025-09-18 12:42:48,2025-09-18 12:42:48,0.0
order-fc7ca988,order-fc7ca988,1,OrderCreated,forward,completed,2025-09-18 12:42:49,2025-09-18 12:42:49,0.0
order-fd1a3e57,order-fd1a3e57,1,OrderCreated,forward,completed,2025-09-18 12:42:54,2025-09-18 12:42:54,0.0
order-fe19bb83,order-fe19bb83,1,OrderCreated,forward,completed,2025-09-18 12:42:51,2025-09-18 12:42:51,0.0
order-fe323fc4,order-fe323fc4,1,OrderCreated,forward,completed,2025-09-18 12:42:41,2025-09-18 12:42:41,0.0
order-febb0f2d,order-febb0f2d,1,OrderCreated,forward,completed,2025-09-15 10:07:52,2025-09-15 10:07:52,0.0
order-ff6d60fd,order-ff6d60fd,1,OrderCreated,forward,completed,2025-09-15 10:07:38,2025-09-15 10:07:38,0.0
order-ff93a71c,order-ff93a71c,1,OrderCreated,forward,completed,2025-09-18 12:42:47,2025-09-18 12:42:47,0.0
